Chase Tran,454-911-5781
Edwin Sherman,713-711-2641
Lola Aguilar,868-468-8305
Alex Adams,387-752-9499
Bryan Mitchell,327-903-6497
Phillip Blake,582-528-2507
Jay Lucas,572-707-6639
Jane Davidson,758-912-9686
Ian Lindsey,888-398-5192
Danny Paul,605-318-4613
Jeff Torres,430-948-5939
Kevin Crawford,700-471-7449
Ellen Soto,430-834-8936
Birdie Day,368-256-9582
Bertie Alvarado,756-969-2068
Tyler Wood,679-528-1645
Don Lyons,679-945-1646
Jesse Klein,406-828-1653
Zachary Leonard,937-603-9490
Bryan Padilla,848-219-8773
